5365;20.11.2021;17:45
5370;21.11.2021;13:01
5377;22.11.2021;8:24
5386;23.11.2021;8:26
5391;24.11.2021;8:36
5396;25.11.2021;8:32
5401;26.11.2021;8:43
5425;29.11.2021;8:14
5433;30.11.2021;9:05
5439;01.12.2021;9:44
5473;06.12.2021;8:00
5478;07.12.2021;8:20
5486;08.12.2021;8:22
5492;09.12.2021;10:22
5501;10.12.2021;8:37
5515;13.12.2021;8:25
5519;14.12.2021;10:06
5522;15.12.2021;8:45
5527;16.12.2021;8:41
5539;20.12.2021;8:17
5558;23.12.2021;8:38
5563;24.12.2021;9:44
5569;25.12.2021;8:39
5580;27.12.2021;8:34
5585;28.12.2021;9:21
5595;30.12.2021;11:25
5639;11.01.2022;9:16
5644;12.01.2022;9:11
5651;14.01.2022;8:30
5655;15.01.2022;7:58
5661;17.01.2022;10:50
5664;18.01.2022;8:41
5666;19.01.2022;9:45
5671;20.01.2022;8:40
5677;22.01.2022;13:50
5683;24.01.2022;10:45
5688;26.01.2022;10:36
5711;03.02.2022;12:30
5714;04.02.2022;12:05
5719;05.02.2022;15:03
5723;06.02.2022;11:31
5742;14.02.2022;9:05
5745;15.02.2022;17:28
5753;18.02.2022;17:37
5755;19.02.2022;14:48
5764;22.02.2022;7:41
5776;26.02.2022;8:38
5797;05.03.2022;11:07
5893;05.04.2022;8:14
5896;06.04.2022;8:22
5902;08.04.2022;10:36
5911;11.04.2022;8:30
5914;12.04.2022;8:21
5917;13.04.2022;8:33
5919;14.04.2022;8:55
5923;15.04.2022;8:39
5932;18.04.2022;8:15
5938;20.04.2022;8:39
5942;21.04.2022;8:51
5953;25.04.2022;8:32
5956;26.04.2022;8:37
5965;29.04.2022;9:11
5984;05.05.2022;8:26
